Ourcontigname,AnnoOrigin,ContigName,ContigLength,topnrMatch,topnrEvalue,nobadwordnrMatch,nobadwordnrEvalue,Uniprotmatch,X._identity,evalue,ID,Description,KEGG,KEGGKO,GO,GOCC,GOBP,GOMF,Keywords,X,X.1,X.2,X.3,X.4,X.5,X.6,X.7,X.8,X.9,X.10,X.11,X.12,X.13,X.14
contig10017,adi_v1_predictedtranscripts,adi_v1.11677,1893,PREDICTED: similar to predicted protein [Hydra magnipapillata],2.72E-70,SPRY domain-containing SOCS box protein 3 [Danio rerio] gi|169642383|gb|AAI60600.1| LOC559863 protein [Danio rerio],1.77E-61,Q28DT9,52.75,2.00E-62,SPSB3_XENTR,SPRY domain-containing SOCS box protein 3,xtr:550104,K10345,GO:0035556,intracellular signal transduction (GO:0035556);,No_GOMF,No_GOCC,Complete proteome;Reference proteome.;,,,,,,,,,,,,,,,
contig16234,33496_denovo,contig16234,344,hypothetical protein BRAFLDRAFT_68798 [Branchiostoma floridae] gi|229273319|gb|EEN44171.1| hypothetical protein BRAFLDRAFT_68798 [Branchiostoma floridae],5.06E-08,"Gene model 996, (NCBI) [Mus musculus]",0.070784604,C3ZTC4,44,5.00E-08,C3ZTC4_BRAFL,Putative uncharacterized protein,bfo:BRAFLDRAFT_68798,No_KEGGKO,GO:0008270,No_GOBP,zinc ion binding (GO:0008270);,No_GOCC,Complete proteome;Reference proteome.;,,,,,,,,,,,,,,,
contig20817,33496_denovo,contig20817,303,predicted protein [Nematostella vectensis] gi|156221702|gb|EDO42554.1| predicted protein [Nematostella vectensis],1.13E-28,KIAA1799 protein [Homo sapiens],9.30E-23,A8K855,53.54,4.00E-24,EFCB7_HUMAN,EF-hand calcium-binding domain-containing protein 7,hsa:84455,No_KEGGKO,GO:0005509,No_GOBP,calcium ion binding (GO:0005509);,No_GOCC,Alternative splicing;Calcium;Complete proteome;Polymorphism;Reference proteome;Repeat.;,,,,,,,,,,,,,,,
contig22078,adi_v1_predictedtranscripts,adi_v1.20853,5913,predicted protein [Nematostella vectensis] gi|156212065|gb|EDO33142.1| predicted protein [Nematostella vectensis],1.41E-44,Tax1 (human T-cell leukemia virus type I) binding protein 1b [Danio rerio],5.37E-44,Q6P132,24.17,3.00E-45,TXB1B_DANRE,Tax1-binding protein 1 homolog B,dre:324152,No_KEGGKO,GO:0006915,apoptosis (GO:0006915);,No_GOMF,No_GOCC,Alternative splicing;Apoptosis;Coiled coil;Complete proteome;Reference proteome.;,,,,,,,,,,,,,,,
contig69094,adi_v1_predictedtranscripts,adi_v1.18068,5489,predicted protein [Nematostella vectensis] gi|156226296|gb|EDO47107.1| predicted protein [Nematostella vectensis],1.15E-141,Leucine-rich repeat and WD repeat-containing protein KIAA1239 [Harpegnathos saltator],2.20E-108,Q149M9,31.54,3.00E-67,NWD1_HUMAN,NACHT and WD repeat domain-containing protein 1,hsa:284434,No_KEGGKO,GO:0005524,No_GOBP,ATP binding (GO:0005524);,No_GOCC,Alternative splicing;ATP-binding;Complete proteome;Nucleotide-binding;Polymorphism;Reference proteome;Repeat;WD repeat.;,,,,,,,,,,,,,,,
contig69230,Matz_milleporaESTs,isotig10994,2275,"guanine nucleotide binding protein (G protein), beta polypeptide 1, like [Danio rerio] gi|194332578|ref|NP_001123778.1| hypothetical protein LOC100170528 [Xenopus (Silurana) tropicalis] gi|326668873|ref|XP_003198887.1| PREDICTED: guanine nucleotide-binding protein G(I)/G(S)/G(T) subunit beta-1-like [Danio rerio] gi|27881927|gb|AAH44482.1| Guanine nucleotide binding protein (G protein), beta polypeptide 1, like [Danio rerio] gi|156914929|gb|AAI52685.1| Gnb1l protein [Danio rerio] gi|182891236|gb|AAI64143.1| Gnb1l protein [Danio rerio] gi|189441747|gb|AAI67541.1| LOC100170528 protein [Xenopus (Silurana) tropicalis]",4.04E-180,G-protein B1 subunit [Ambystoma tigrinum],9.00E-180,Q6PH57,88.2,2.00E-180,GBB1_DANRE,Guanine nucleotide-binding protein G(I)/G(S)/G(T) subunit beta-1,dre:322104,K04536,GO:0004871,No_GOBP,signal transducer activity (GO:0004871);,No_GOCC,Complete proteome;Reference proteome;Repeat;Transducer;WD repeat.;,,,,,,,,,,,,,,,
contig71735,33496_denovo,contig71735,334,hypothetical protein BRAFLDRAFT_119590 [Branchiostoma floridae] gi|229278542|gb|EEN49329.1| hypothetical protein BRAFLDRAFT_119590 [Branchiostoma floridae],2.30E-05,microtubule organization 1 protein (ISS) [Ostreococcus tauri] gi|116060747|emb|CAL57225.1| microtubule organization 1 protein (ISS) [Ostreococcus tauri],1.309336018,C3ZF23,36.47,3.00E-05,C3ZF23_BRAFL,Putative uncharacterized protein,bfo:BRAFLDRAFT_119590,No_KEGGKO,GO:0005509,No_GOBP,calcium ion binding (GO:0005509);,No_GOCC,Complete proteome;Reference proteome.;,,,,,,,,,,,,,,,
contig72128,adi_v1_predictedtranscripts,adi_v1.07266,2250,predicted protein [Nematostella vectensis] gi|156213041|gb|EDO34075.1| predicted protein [Nematostella vectensis],6.01E-27,Heat shock protein 67B2 [Acromyrmex echinatior],9.59E-25,Q8NFU3,40,1.00E-16,TSTD1_HUMAN,Thiosulfate sulfurtransferase/rhodanese-like domain-containing protein 1,hsa:100131187,No_KEGGKO,GO:0048471,No_GOBP,No_GOMF,perinuclear region of cytoplasm (GO:0048471);,Alternative splicing;Complete proteome;Cytoplasm;Direct protein sequencing;Reference proteome.;,,,,,,,,,,,,,,,
contig74059,33496_denovo,contig74059,453,predicted protein [Nematostella vectensis] gi|156214665|gb|EDO35646.1| predicted protein [Nematostella vectensis],3.64E-51,WD repeat and FYVE domain-containing protein 2 [Danio rerio] gi|37595390|gb|AAQ94581.1| WD repeat and FYVE domain containing 2 [Danio rerio] gi|169158662|emb|CAQ14207.1| WD repeat and FYVE domain containing 2 [Danio rerio],2.71E-38,Q96P53,51.08,6.00E-36,WDFY2_HUMAN,WD repeat and FYVE domain-containing protein 2,hsa:115825,No_KEGGKO,GO:0046872,No_GOBP,metal ion binding (GO:0046872);,No_GOCC,Complete proteome;Metal-binding;Reference proteome;Repeat;WD repeat;Zinc;Zinc-finger.;,,,,,,,,,,,,,,,
contig74305,Matz_milleporaESTs,isotig01223,985,PREDICTED: probable N-acetyltransferase camello-like [Xenopus (Silurana) tropicalis],3.60E-05,"GNAT family acetyltransferase [Bacillus pseudofirmus OF4] gi|288547867|gb|ADC51750.1| acetyltransferase, gnat family protein [Bacillus pseudofirmus OF4]",0.000679192,F6SZ13,35.48,4.00E-05,F6SZ13_XENTR,Uncharacterized protein,No_KEGG,No_KEGGKO,GO:0008080,No_GOBP,N-acetyltransferase activity (GO:0008080);,No_GOCC,Complete proteome;Reference proteome.;,,,,,,,,,,,,,,,
contig76764,33496_denovo,contig76764,1121,predicted protein [Nematostella vectensis] gi|156217105|gb|EDO38028.1| predicted protein [Nematostella vectensis],3.56E-31,RING finger protein 157 [Bos taurus],2.92E-25,Q96PX1,57.28,2.00E-26,RN157_HUMAN,RING finger protein 157,hsa:114804,No_KEGGKO,GO:0008270,No_GOBP,zinc ion binding (GO:0008270);,No_GOCC,Alternative splicing;Complete proteome;Lipoprotein;Metal-binding;Myristate;Polymorphism;Reference proteome;Zinc;Zinc-finger.;,,,,,,,,,,,,,,,
contig77163,adi_v1_predictedtranscripts,adi_v1.18715,5231,predicted protein [Nematostella vectensis] gi|156217412|gb|EDO38329.1| predicted protein [Nematostella vectensis],1.07E-112,RecName: Full=Protein dopey-1,9.14E-72,Q8BL99,37.83,4.00E-73,DOP1_MOUSE,Protein dopey-1,No_KEGG,No_KEGGKO,GO:0015031,protein transport (GO:0015031);,No_GOMF,No_GOCC,Alternative splicing;Complete proteome;Phosphoprotein;Protein transport;Reference proteome;Transport.;,,,,,,,,,,,,,,,
contig79082,adi_v1_predictedtranscripts,adi_v1.20853,5913,predicted protein [Nematostella vectensis] gi|156212065|gb|EDO33142.1| predicted protein [Nematostella vectensis],1.41E-44,Tax1 (human T-cell leukemia virus type I) binding protein 1b [Danio rerio],5.37E-44,Q6P132,24.17,3.00E-45,TXB1B_DANRE,Tax1-binding protein 1 homolog B,dre:324152,No_KEGGKO,GO:0006915,apoptosis (GO:0006915);,No_GOMF,No_GOCC,Alternative splicing;Apoptosis;Coiled coil;Complete proteome;Reference proteome.;,,,,,,,,,,,,,,,
contig81472,adi_v1_predictedtranscripts,adi_v1.09778,2014,predicted protein [Nematostella vectensis] gi|156228298|gb|EDO49098.1| predicted protein [Nematostella vectensis],4.74E-44,SOSS complex subunit B2 [Bos taurus] gi|189029262|sp|A5D7P8.1|SOSB2_BOVIN RecName: Full=SOSS complex subunit B2; AltName: Full=Oligonucleotide/oligosaccharide-binding fold-containing protein 2A; AltName: Full=Sensor of single-strand DNA complex subunit B2; AltName: Full=Sensor of ssDNA subunit B2; Short=SOSS-B2; AltName: Full=Single-stranded DNA-binding protein 2 gi|146186845|gb|AAI40639.1| OBFC2A protein [Bos taurus] gi|296490476|gb|DAA32589.1| SOSS complex subunit B2 [Bos taurus],9.90E-34,A5D7P8,67.35,4.00E-35,SOSB2_BOVIN,SOSS complex subunit B2,bta:613474,No_KEGGKO,GO:0003677,No_GOBP,DNA binding (GO:0003677);,No_GOCC,Complete proteome;DNA damage;DNA repair;DNA-binding;Nucleus;Reference proteome.;,,,,,,,,,,,,,,,
contig83256,adi_v1_predictedtranscripts,adi_v1.18715,5231,predicted protein [Nematostella vectensis] gi|156217412|gb|EDO38329.1| predicted protein [Nematostella vectensis],1.07E-112,RecName: Full=Protein dopey-1,9.14E-72,Q8BL99,37.83,4.00E-73,DOP1_MOUSE,Protein dopey-1,No_KEGG,No_KEGGKO,GO:0015031,protein transport (GO:0015031);,No_GOMF,No_GOCC,Alternative splicing;Complete proteome;Phosphoprotein;Protein transport;Reference proteome;Transport.;,,,,,,,,,,,,,,,
contig89930,Matz_milleporaESTs,isotig14918,1841,PREDICTED: hypothetical protein LOC100164532 [Acyrthosiphon pisum],2.69E-06,GH18463 [Drosophila grimshawi] gi|193894221|gb|EDV93087.1| GH18463 [Drosophila grimshawi],3.88E-05,B7PAD9,29.41,2.00E-05,B7PAD9_IXOSC,Putative uncharacterized protein,isc:IscW_ISCW017001,No_KEGGKO,GO:0003677,No_GOBP,DNA binding (GO:0003677);,No_GOCC,Complete proteome;Reference proteome.;,,,,,,,,,,,,,,,
contig97117,adi_v1_predictedtranscripts,adi_v1.20853,5913,predicted protein [Nematostella vectensis] gi|156212065|gb|EDO33142.1| predicted protein [Nematostella vectensis],1.41E-44,Tax1 (human T-cell leukemia virus type I) binding protein 1b [Danio rerio],5.37E-44,Q6P132,24.17,3.00E-45,TXB1B_DANRE,Tax1-binding protein 1 homolog B,dre:324152,No_KEGGKO,GO:0006915,apoptosis (GO:0006915);,No_GOMF,No_GOCC,Alternative splicing;Apoptosis;Coiled coil;Complete proteome;Reference proteome.;,,,,,,,,,,,,,,,
contig104351,adi_v1_predictedtranscripts,adi_v1.05276,1556,predicted protein [Nematostella vectensis] gi|156227127|gb|EDO47932.1| predicted protein [Nematostella vectensis],1.29E-51,LOC100125670 protein [Xenopus laevis],5.83E-36,Q9P281,50.32,1.00E-36,BAHC1_HUMAN,BAH and coiled-coil domain-containing protein 1,hsa:57597,No_KEGGKO,GO:0003677,No_GOBP,DNA binding (GO:0003677);,No_GOCC,Acetylation;Coiled coil;Complete proteome;Phosphoprotein;Polymorphism;Reference proteome.;,,,,,,,,,,,,,,,
contig105373,33496_denovo,contig105373,285,"Eukaryotic translation initiation factor 1A, X-chromosomal [Acromyrmex echinatior]",1.73E-29,"Eukaryotic translation initiation factor 1A, X-chromosomal [Acromyrmex echinatior]",1.73E-29,Q6GVM3,91.04,1.00E-29,IF1AY_PANTR,"Eukaryotic translation initiation factor 1A, Y-chromosomal",ptr:449499,K03236,GO:0003743,No_GOBP,translation initiation factor activity (GO:0003743);,No_GOCC,Initiation factor;Isopeptide bond;Protein biosynthesis;Ubl conjugation.;,,,,,,,,,,,,,,,
contig106168,adi_v1_predictedtranscripts,adi_v1.00975,8735,PREDICTED: regulator of nonsense transcripts 1-like [Saccoglossus kowalevskii],0,NFX1-type zinc finger-containing protein 1 [Dicentrarchus labrax],0,Q9P2E3,34.04,0,ZNFX1_HUMAN,NFX1-type zinc finger-containing protein 1,hsa:57169,No_KEGGKO,GO:0046872,No_GOBP,metal ion binding (GO:0046872);,No_GOCC,Alternative splicing;Coiled coil;Complete proteome;Metal-binding;Polymorphism;Reference proteome;Repeat;Zinc;Zinc-finger.;,,,,,,,,,,,,,,,
contig109034,adi_v1_predictedtranscripts,adi_v1.06703,3444,predicted protein [Nematostella vectensis] gi|156223911|gb|EDO44741.1| predicted protein [Nematostella vectensis],1.49E-160,BTB/POZ domain-containing protein 6 [Xenopus (Silurana) tropicalis],3.52E-85,Q0V9W6,40.66,4.00E-86,BTBD6_XENTR,BTB/POZ domain-containing protein 6,No_KEGG,No_KEGGKO,GO:0000932,No_GOBP,No_GOMF,cytoplasmic mRNA processing body (GO:0000932);,Complete proteome;Cytoplasm;Reference proteome.;,,,,,,,,,,,,,,,
contig111292,adi_v1_predictedtranscripts,adi_v1.20853,5913,predicted protein [Nematostella vectensis] gi|156212065|gb|EDO33142.1| predicted protein [Nematostella vectensis],1.41E-44,Tax1 (human T-cell leukemia virus type I) binding protein 1b [Danio rerio],5.37E-44,Q6P132,24.17,3.00E-45,TXB1B_DANRE,Tax1-binding protein 1 homolog B,dre:324152,No_KEGGKO,GO:0006915,apoptosis (GO:0006915);,No_GOMF,No_GOCC,Alternative splicing;Apoptosis;Coiled coil;Complete proteome;Reference proteome.;,,,,,,,,,,,,,,,
contig113194,adi_v1_predictedtranscripts,adi_v1.09778,2014,predicted protein [Nematostella vectensis] gi|156228298|gb|EDO49098.1| predicted protein [Nematostella vectensis],4.74E-44,SOSS complex subunit B2 [Bos taurus] gi|189029262|sp|A5D7P8.1|SOSB2_BOVIN RecName: Full=SOSS complex subunit B2; AltName: Full=Oligonucleotide/oligosaccharide-binding fold-containing protein 2A; AltName: Full=Sensor of single-strand DNA complex subunit B2; AltName: Full=Sensor of ssDNA subunit B2; Short=SOSS-B2; AltName: Full=Single-stranded DNA-binding protein 2 gi|146186845|gb|AAI40639.1| OBFC2A protein [Bos taurus] gi|296490476|gb|DAA32589.1| SOSS complex subunit B2 [Bos taurus],9.90E-34,A5D7P8,67.35,4.00E-35,SOSB2_BOVIN,SOSS complex subunit B2,bta:613474,No_KEGGKO,GO:0003677,No_GOBP,DNA binding (GO:0003677);,No_GOCC,Complete proteome;DNA damage;DNA repair;DNA-binding;Nucleus;Reference proteome.;,,,,,,,,,,,,,,,
contig114487,adi_v1_predictedtranscripts,adi_v1.03494,472,predicted protein [Nematostella vectensis] gi|156224062|gb|EDO44891.1| predicted protein [Nematostella vectensis],1.83E-10,GF16772 [Drosophila ananassae] gi|190627402|gb|EDV42926.1| GF16772 [Drosophila ananassae],7.68E-09,O96102,34.94,1.00E-08,CALM_PHYPO,Calmodulin,No_KEGG,No_KEGGKO,GO:0005509,No_GOBP,calcium ion binding (GO:0005509);,No_GOCC,Calcium;Methylation;Repeat.;,,,,,,,,,,,,,,,
contig114659,33496_denovo,contig114659,793,hypothetical protein NEMVEDRAFT_v1g139805 [Nematostella vectensis] gi|156209407|gb|EDO30690.1| predicted protein [Nematostella vectensis],1.50E-103,RecName: Full=NFX1-type zinc finger-containing protein 1,1.27E-86,Q8R151,51.69,6.00E-88,ZNFX1_MOUSE,NFX1-type zinc finger-containing protein 1,mmu:98999,No_KEGGKO,GO:0046872,No_GOBP,metal ion binding (GO:0046872);,No_GOCC,Coiled coil;Complete proteome;Metal-binding;Reference proteome;Repeat;Zinc;Zinc-finger.;,,,,,,,,,,,,,,,
contig139916,33496_denovo,contig139916,265,PREDICTED: similar to apextrin [Strongylocentrotus purpuratus] gi|115956476|ref|XP_001197974.1| PREDICTED: similar to apextrin [Strongylocentrotus purpuratus],1.08E-18,apextrin [Branchiostoma belcheri tsingtauense],9.15E-10,C3XPW7,52,3.00E-15,C3XPW7_BRAFL,Putative uncharacterized protein,bfo:BRAFLDRAFT_67440,No_KEGGKO,GO:0005509,No_GOBP,calcium ion binding (GO:0005509);,No_GOCC,Complete proteome;EGF-like domain;Reference proteome;Repeat;Sushi.;,,,,,,,,,,,,,,,
contig143755,adi_v1_predictedtranscripts,adi_v1.23709,1095,PREDICTED: similar to apextrin [Strongylocentrotus purpuratus] gi|115923982|ref|XP_001181558.1| PREDICTED: similar to apextrin [Strongylocentrotus purpuratus],2.81E-65,PREDICTED: similar to apextrin [Strongylocentrotus purpuratus] gi|115923982|ref|XP_001181558.1| PREDICTED: similar to apextrin [Strongylocentrotus purpuratus],2.81E-65,C3XPW7,47.91,9.00E-57,C3XPW7_BRAFL,Putative uncharacterized protein,bfo:BRAFLDRAFT_67440,No_KEGGKO,GO:0005509,No_GOBP,calcium ion binding (GO:0005509);,No_GOCC,Complete proteome;EGF-like domain;Reference proteome;Repeat;Sushi.;,,,,,,,,,,,,,,,
contig145421,33496_denovo,contig145421,2767,PREDICTED: ANKRD26 protein-like [Saccoglossus kowalevskii],3.31E-30,ankyrin repeat domain-containing protein 26 [Bos taurus] gi|296481457|gb|DAA23572.1| ankyrin repeat domain 26 [Bos taurus],2.91E-18,Q9UPS8,24.08,2.00E-19,ANR26_HUMAN,Ankyrin repeat domain-containing protein 26,hsa:22852,No_KEGGKO,GO:0005813,No_GOBP,No_GOMF,centrosome (GO:0005813);,Alternative splicing;ANK repeat;Coiled coil;Complete proteome;Phosphoprotein;Polymorphism;Reference proteome;Repeat.;,,,,,,,,,,,,,,,
contig145821,adi_v1_predictedtranscripts,adi_v1.08622,2987,predicted protein [Nematostella vectensis] gi|156226958|gb|EDO47764.1| predicted protein [Nematostella vectensis],2.20E-27,actinin-associated LIM protein [Homo sapiens],1.09E-18,Q53GG5,40.79,5.00E-20,PDLI3_HUMAN,PDZ and LIM domain protein 3,hsa:27295,No_KEGGKO,GO:0008270,No_GOBP,zinc ion binding (GO:0008270);,No_GOCC,Alternative splicing;Complete proteome;Cytoplasm;LIM domain;Metal-binding;Polymorphism;Reference proteome;Zinc.;,,,,,,,,,,,,,,,
contig146952,adi_v1_predictedtranscripts,adi_v1.07935,1171,predicted protein [Nematostella vectensis] gi|156215115|gb|EDO36083.1| predicted protein [Nematostella vectensis],2.74E-13,AGAP004609-PA [Anopheles gambiae str. PEST] gi|157016514|gb|EAA10560.5| AGAP004609-PA [Anopheles gambiae str. PEST],4.68E-05,B3S3S3,66.67,1.00E-05,B3S3S3_TRIAD,Putative uncharacterized protein,tad:TRIADDRAFT_64136,K08288,GO:0005509,No_GOBP,calcium ion binding (GO:0005509);,No_GOCC,Calcium.;,,,,,,,,,,,,,,,
contig147059,33496_denovo,contig147059,765,predicted protein [Nematostella vectensis] gi|156210479|gb|EDO31651.1| predicted protein [Nematostella vectensis],1.38E-50,"similar to NOL1R protein; Williams-Beuren syndrome critical region protein 20, isoform CRA_b [Rattus norvegicus]",2.90E-16,Q4R7Q1,34.63,5.00E-16,NSUN7_MACFA,Putative methyltransferase NSUN7,No_KEGG,No_KEGGKO,GO:0008168,No_GOBP,methyltransferase activity (GO:0008168);,No_GOCC,Alternative splicing;Methyltransferase;S-adenosyl-L-methionine;Transferase.;,,,,,,,,,,,,,,,
contig147470,adi_v1_predictedtranscripts,adi_v1.00976,6113,PREDICTED: Upf1-like [Saccoglossus kowalevskii],0,"zinc finger, NFX1-type containing 1, isoform CRA_b [Homo sapiens] gi|119596069|gb|EAW75663.1| zinc finger, NFX1-type containing 1, isoform CRA_b [Homo sapiens] gi|119596070|gb|EAW75664.1| zinc finger, NFX1-type containing 1, isoform CRA_b [Homo sapiens] gi|168273234|dbj|BAG10456.1| NFX1-type zinc finger-containing protein 1 [synthetic construct]",0,Q9P2E3,38.29,0,ZNFX1_HUMAN,NFX1-type zinc finger-containing protein 1,hsa:57169,No_KEGGKO,GO:0046872,No_GOBP,metal ion binding (GO:0046872);,No_GOCC,Alternative splicing;Coiled coil;Complete proteome;Metal-binding;Polymorphism;Reference proteome;Repeat;Zinc;Zinc-finger.;,,,,,,,,,,,,,,,
contig147552,33496_denovo,contig147552,869,predicted protein [Nematostella vectensis] gi|156223999|gb|EDO44829.1| predicted protein [Nematostella vectensis],1.97E-70,"myosin, light polypeptide 9, regulatory [Ictalurus punctatus] gi|308324106|gb|ADO29188.1| myosin regulatory light polypeptide 9 [Ictalurus punctatus]",5.37E-60,Q5RBA4,73.29,5.00E-60,MYL9_PONAB,Myosin regulatory light polypeptide 9,pon:100172462,K12755,GO:0005509,No_GOBP,calcium ion binding (GO:0005509);,No_GOCC,Acetylation;Calcium;Motor protein;Muscle protein;Myosin;Phosphoprotein;Repeat.;,,,,,,,,,,,,,,,
contig147711,adi_v1_predictedtranscripts,adi_v1.11677,1893,PREDICTED: similar to predicted protein [Hydra magnipapillata],2.72E-70,SPRY domain-containing SOCS box protein 3 [Danio rerio] gi|169642383|gb|AAI60600.1| LOC559863 protein [Danio rerio],1.77E-61,Q28DT9,52.75,2.00E-62,SPSB3_XENTR,SPRY domain-containing SOCS box protein 3,xtr:550104,K10345,GO:0035556,intracellular signal transduction (GO:0035556);,No_GOMF,No_GOCC,Complete proteome;Reference proteome.;,,,,,,,,,,,,,,,
contig147952,adi_v1_predictedtranscripts,adi_v1.00976,6113,PREDICTED: Upf1-like [Saccoglossus kowalevskii],0,"zinc finger, NFX1-type containing 1, isoform CRA_b [Homo sapiens] gi|119596069|gb|EAW75663.1| zinc finger, NFX1-type containing 1, isoform CRA_b [Homo sapiens] gi|119596070|gb|EAW75664.1| zinc finger, NFX1-type containing 1, isoform CRA_b [Homo sapiens] gi|168273234|dbj|BAG10456.1| NFX1-type zinc finger-containing protein 1 [synthetic construct]",0,Q9P2E3,38.29,0,ZNFX1_HUMAN,NFX1-type zinc finger-containing protein 1,hsa:57169,No_KEGGKO,GO:0046872,No_GOBP,metal ion binding (GO:0046872);,No_GOCC,Alternative splicing;Coiled coil;Complete proteome;Metal-binding;Polymorphism;Reference proteome;Repeat;Zinc;Zinc-finger.;,,,,,,,,,,,,,,,
contig148013,33496_denovo,contig148013,1048,predicted protein [Nematostella vectensis] gi|156227730|gb|EDO48532.1| predicted protein [Nematostella vectensis],1.10E-156,"striatin, putative [Ixodes scapularis] gi|215506367|gb|EEC15861.1| striatin, putative [Ixodes scapularis]",1.00E-133,Q9ERG2,64.78,5.00E-127,STRN3_MOUSE,Striatin-3,mmu:94186,No_KEGGKO,GO:0005516,No_GOBP,calmodulin binding (GO:0005516);,No_GOCC,Calmodulin-binding;Coiled coil;Complete proteome;Cytoplasm;Membrane;Phosphoprotein;Reference proteome;Repeat;WD repeat.;,,,,,,,,,,,,,,,
contig149302,adi_v1_predictedtranscripts,adi_v1.18366,1553,PREDICTED: RING finger protein 126-like [Meleagris gallopavo],7.86E-33,ring finger protein 126 [Xenopus (Silurana) tropicalis],1.75E-32,Q6DIP3,62.38,8.00E-34,RN126_XENTR,RING finger protein 126,xtr:448402,K11982,GO:0008270,No_GOBP,zinc ion binding (GO:0008270);,No_GOCC,Complete proteome;Metal-binding;Reference proteome;Zinc;Zinc-finger.;,,,,,,,,,,,,,,,
contig149790,33496_denovo,contig149790,658,predicted protein [Nematostella vectensis] gi|156222268|gb|EDO43114.1| predicted protein [Nematostella vectensis],2.67E-48,novel protein similar to human and mouse GRIP and coiled-coil domain containing 1 (GCC1) [Danio rerio],2.36E-20,Q9D4H2,31.56,4.00E-20,GCC1_MOUSE,GRIP and coiled-coil domain-containing protein 1,mmu:74375,No_KEGGKO,GO:0000139,No_GOBP,No_GOMF,Golgi membrane (GO:0000139);,Coiled coil;Complete proteome;Cytoplasm;Direct protein sequencing;Golgi apparatus;Membrane;Reference proteome.;,,,,,,,,,,,,,,,
contig149828,adi_v1_predictedtranscripts,adi_v1.09778,2014,predicted protein [Nematostella vectensis] gi|156228298|gb|EDO49098.1| predicted protein [Nematostella vectensis],4.74E-44,SOSS complex subunit B2 [Bos taurus] gi|189029262|sp|A5D7P8.1|SOSB2_BOVIN RecName: Full=SOSS complex subunit B2; AltName: Full=Oligonucleotide/oligosaccharide-binding fold-containing protein 2A; AltName: Full=Sensor of single-strand DNA complex subunit B2; AltName: Full=Sensor of ssDNA subunit B2; Short=SOSS-B2; AltName: Full=Single-stranded DNA-binding protein 2 gi|146186845|gb|AAI40639.1| OBFC2A protein [Bos taurus] gi|296490476|gb|DAA32589.1| SOSS complex subunit B2 [Bos taurus],9.90E-34,A5D7P8,67.35,4.00E-35,SOSB2_BOVIN,SOSS complex subunit B2,bta:613474,No_KEGGKO,GO:0003677,No_GOBP,DNA binding (GO:0003677);,No_GOCC,Complete proteome;DNA damage;DNA repair;DNA-binding;Nucleus;Reference proteome.;,,,,,,,,,,,,,,,
contig150800,adi_v1_predictedtranscripts,adi_v1.08622,2987,predicted protein [Nematostella vectensis] gi|156226958|gb|EDO47764.1| predicted protein [Nematostella vectensis],2.20E-27,actinin-associated LIM protein [Homo sapiens],1.09E-18,Q53GG5,40.79,5.00E-20,PDLI3_HUMAN,PDZ and LIM domain protein 3,hsa:27295,No_KEGGKO,GO:0008270,No_GOBP,zinc ion binding (GO:0008270);,No_GOCC,Alternative splicing;Complete proteome;Cytoplasm;LIM domain;Metal-binding;Polymorphism;Reference proteome;Zinc.;,,,,,,,,,,,,,,,
contig151675,Matz_milleporaESTs,isotig06730,1227,predicted protein [Nematostella vectensis] gi|156226203|gb|EDO47014.1| predicted protein [Nematostella vectensis],1.04E-34,"Sequestosome-1, putative [Pediculus humanus corporis] gi|212512818|gb|EEB15519.1| Sequestosome-1, putative [Pediculus humanus corporis]",5.40E-07,Q4TA60,30.41,9.00E-08,Q4TA60_TETNG,"Chromosome undetermined SCAF7445, whole genome shotgun sequence.",No_KEGG,No_KEGGKO,GO:0008270,No_GOBP,zinc ion binding (GO:0008270);,No_GOCC,Complete proteome;Reference proteome.;,,,,,,,,,,,,,,,
contig153862,adi_v1_predictedtranscripts,adi_v1.22450,2037,predicted protein [Nematostella vectensis] gi|156211305|gb|EDO32419.1| predicted protein [Nematostella vectensis],2.11E-07,translation initiation factor 1A [Ixodes scapularis] gi|215500703|gb|EEC10197.1| translation initiation factor 1A [Ixodes scapularis] gi|325303170|tpg|DAA34576.1| TPA_exp: translation initiation factor 1A [Amblyomma variegatum],3.60E-07,Q6VV72,76.47,2.00E-07,IF1A_RAT,Eukaryotic translation initiation factor 1A,No_KEGG,No_KEGGKO,GO:0003743,No_GOBP,translation initiation factor activity (GO:0003743);,No_GOCC,Complete proteome;Initiation factor;Protein biosynthesis;Reference proteome.;,,,,,,,,,,,,,,,
contig169996,adi_v1_predictedtranscripts,adi_v1.20853,5913,predicted protein [Nematostella vectensis] gi|156212065|gb|EDO33142.1| predicted protein [Nematostella vectensis],1.41E-44,Tax1 (human T-cell leukemia virus type I) binding protein 1b [Danio rerio],5.37E-44,Q6P132,24.17,3.00E-45,TXB1B_DANRE,Tax1-binding protein 1 homolog B,dre:324152,No_KEGGKO,GO:0006915,apoptosis (GO:0006915);,No_GOMF,No_GOCC,Alternative splicing;Apoptosis;Coiled coil;Complete proteome;Reference proteome.;,,,,,,,,,,,,,,,
contig171114,33496_denovo,contig171114,505,predicted protein [Nematostella vectensis] gi|156212065|gb|EDO33142.1| predicted protein [Nematostella vectensis],8.05E-27,Tax1 binding protein 1 [Takifugu rubripes],3.07E-18,Q6P132,41.38,5.00E-18,TXB1B_DANRE,Tax1-binding protein 1 homolog B,dre:324152,No_KEGGKO,GO:0006915,apoptosis (GO:0006915);,No_GOMF,No_GOCC,Alternative splicing;Apoptosis;Coiled coil;Complete proteome;Reference proteome.;,,,,,,,,,,,,,,,
contig173064,adi_v1_predictedtranscripts,adi_v1.18715,5231,predicted protein [Nematostella vectensis] gi|156217412|gb|EDO38329.1| predicted protein [Nematostella vectensis],1.07E-112,RecName: Full=Protein dopey-1,9.14E-72,Q8BL99,37.83,4.00E-73,DOP1_MOUSE,Protein dopey-1,No_KEGG,No_KEGGKO,GO:0015031,protein transport (GO:0015031);,No_GOMF,No_GOCC,Alternative splicing;Complete proteome;Phosphoprotein;Protein transport;Reference proteome;Transport.;,,,,,,,,,,,,,,,
contig173275,adi_v1_predictedtranscripts,adi_v1.07266,2250,predicted protein [Nematostella vectensis] gi|156213041|gb|EDO34075.1| predicted protein [Nematostella vectensis],6.01E-27,Heat shock protein 67B2 [Acromyrmex echinatior],9.59E-25,Q8NFU3,40,1.00E-16,TSTD1_HUMAN,Thiosulfate sulfurtransferase/rhodanese-like domain-containing protein 1,hsa:100131187,No_KEGGKO,GO:0048471,No_GOBP,No_GOMF,perinuclear region of cytoplasm (GO:0048471);,Alternative splicing;Complete proteome;Cytoplasm;Direct protein sequencing;Reference proteome.;,,,,,,,,,,,,,,,
contig173668,33496_denovo,contig173668,244,"PREDICTED: coenzyme Q-binding protein COQ10 homolog A, mitochondrial-like [Meleagris gallopavo]",1.03E-21,"RecName: Full=Coenzyme Q-binding protein COQ10 homolog B, mitochondrial; Flags: Precursor",9.60E-20,Q5I0I9,57.69,4.00E-21,CQ10B_RAT,"Coenzyme Q-binding protein COQ10 homolog B, mitochondrial",rno:301416,No_KEGGKO,GO:0005743,No_GOBP,No_GOMF,mitochondrial inner membrane (GO:0005743);,Complete proteome;Membrane;Mitochondrion;Mitochondrion inner membrane;Reference proteome;Transit peptide.;,,,,,,,,,,,,,,,
contig173815,33496_denovo,contig173815,486,PREDICTED: NFX1-type zinc finger-containing protein 1-like [Danio rerio],2.24E-40,NFX1-type zinc finger-containing protein 1 [Dicentrarchus labrax],6.75E-37,Q9P2E3,45.89,1.00E-35,ZNFX1_HUMAN,NFX1-type zinc finger-containing protein 1,hsa:57169,No_KEGGKO,GO:0046872,No_GOBP,metal ion binding (GO:0046872);,No_GOCC,Alternative splicing;Coiled coil;Complete proteome;Metal-binding;Polymorphism;Reference proteome;Repeat;Zinc;Zinc-finger.;,,,,,,,,,,,,,,,
contig173870,33496_denovo,contig173870,463,unnamed protein product [Tetraodon nigroviridis],4.72E-06,MACRO domain-containing protein 2 [Danio rerio] gi|33989713|gb|AAH56529.1| Zgc:65960 [Danio rerio],1.80E-05,Q4T6W6,31.96,5.00E-06,Q4T6W6_TETNG,"Chromosome undetermined SCAF8539, whole genome shotgun sequence.",No_KEGG,No_KEGGKO,GO:0003743,No_GOBP,translation initiation factor activity (GO:0003743);,No_GOCC,Complete proteome;Initiation factor;Protein biosynthesis;Reference proteome.;,,,,,,,,,,,,,,,
contig175681,adi_v1_predictedtranscripts,adi_v1.07935,1171,predicted protein [Nematostella vectensis] gi|156215115|gb|EDO36083.1| predicted protein [Nematostella vectensis],2.74E-13,AGAP004609-PA [Anopheles gambiae str. PEST] gi|157016514|gb|EAA10560.5| AGAP004609-PA [Anopheles gambiae str. PEST],4.68E-05,B3S3S3,66.67,1.00E-05,B3S3S3_TRIAD,Putative uncharacterized protein,tad:TRIADDRAFT_64136,K08288,GO:0005509,No_GOBP,calcium ion binding (GO:0005509);,No_GOCC,Calcium.;,,,,,,,,,,,,,,,
contig175687,adi_v1_predictedtranscripts,adi_v1.05275,2146,PREDICTED: Bahcc1 protein-like [Saccoglossus kowalevskii],2.99E-36,RecName: Full=Trinucleotide repeat-containing gene 18 protein; AltName: Full=Zinc finger protein 469,1.22E-29,Q80WC3,43.51,5.00E-31,TNC18_MOUSE,Trinucleotide repeat-containing gene 18 protein,mmu:231861,No_KEGGKO,GO:0003677,No_GOBP,DNA binding (GO:0003677);,No_GOCC,Alternative splicing;Coiled coil;Complete proteome;Isopeptide bond;Phosphoprotein;Reference proteome;Ubl conjugation.;,,,,,,,,,,,,,,,
contig177412,33496_denovo,contig177412,305,predicted protein [Nematostella vectensis] gi|156225093|gb|EDO45913.1| predicted protein [Nematostella vectensis],2.07E-22,polyprotein [Bovine viral diarrhea virus 1],4.78E-19,P60522,75.86,7.00E-20,GBRL2_RAT,Gamma-aminobutyric acid receptor-associated protein-like 2,rno:64670,K08341,GO:0015031,protein transport (GO:0015031);,No_GOMF,No_GOCC,Acetylation;Complete proteome;Golgi apparatus;Phosphoprotein;Protein transport;Reference proteome;Transport.;,,,,,,,,,,,,,,,
contig177673,adi_v1_predictedtranscripts,adi_v1.12501,1212,predicted protein [Nematostella vectensis] gi|156218526|gb|EDO39422.1| predicted protein [Nematostella vectensis],5.02E-66,predicted protein [Nematostella vectensis] gi|156218526|gb|EDO39422.1| predicted protein [Nematostella vectensis],5.02E-66,P18503,34.16,4.00E-13,CAS4_EPHMU,Short-chain collagen C4,No_KEGG,No_KEGGKO,GO:0005581,No_GOBP,No_GOMF,collagen (GO:0005581);,Collagen;Extracellular matrix;Hydroxylation;Repeat;Secreted.;,,,,,,,,,,,,,,,
contig178922,adi_v1_predictedtranscripts,adi_v1.19105,411,predicted protein [Nematostella vectensis] gi|156217162|gb|EDO38084.1| predicted protein [Nematostella vectensis],2.71E-22,nonfibrillar collagen [Chondrosia reniformis],1.88E-07,P18503,29.57,1.00E-07,CAS4_EPHMU,Short-chain collagen C4,No_KEGG,No_KEGGKO,GO:0005581,No_GOBP,No_GOMF,collagen (GO:0005581);,Collagen;Extracellular matrix;Hydroxylation;Repeat;Secreted.;,,,,,,,,,,,,,,,
contig179445,adi_v1_predictedtranscripts,adi_v1.20853,5913,predicted protein [Nematostella vectensis] gi|156212065|gb|EDO33142.1| predicted protein [Nematostella vectensis],1.41E-44,Tax1 (human T-cell leukemia virus type I) binding protein 1b [Danio rerio],5.37E-44,Q6P132,24.17,3.00E-45,TXB1B_DANRE,Tax1-binding protein 1 homolog B,dre:324152,No_KEGGKO,GO:0006915,apoptosis (GO:0006915);,No_GOMF,No_GOCC,Alternative splicing;Apoptosis;Coiled coil;Complete proteome;Reference proteome.;,,,,,,,,,,,,,,,
contig181804,33496_denovo,contig181804,358,predicted protein [Nematostella vectensis] gi|156212143|gb|EDO33216.1| predicted protein [Nematostella vectensis],1.13E-36,EF hand family protein [Tetrahymena thermophila] gi|146145107|gb|EAR96884.2| EF hand family protein [Tetrahymena thermophila SB210],1.00E-08,F6UKD2,52.94,3.00E-26,F6UKD2_CIOIN,Uncharacterized protein,No_KEGG,No_KEGGKO,GO:0005509,No_GOBP,calcium ion binding (GO:0005509);,No_GOCC,Complete proteome;Reference proteome.;,,,,,,,,,,,,,,,
contig183484,adi_v1_predictedtranscripts,adi_v1.20286,854,hypothetical protein NEMVEDRAFT_v1g144549 [Nematostella vectensis] gi|156207552|gb|EDO29420.1| predicted protein [Nematostella vectensis],5.83E-43,novel protein similar to vertebrate collagen triple helix repeat containing 1 (CTHRC1) [Danio rerio],4.19E-33,Q96CG8,47.83,5.00E-33,CTHR1_HUMAN,Collagen triple helix repeat-containing protein 1,hsa:115908,No_KEGGKO,GO:0005581,No_GOBP,No_GOMF,collagen (GO:0005581);,Alternative splicing;Collagen;Complete proteome;Direct protein sequencing;Extracellular matrix;Glycoprotein;Reference proteome;Secreted;Signal.;,,,,,,,,,,,,,,,
contig185581,33496_denovo,contig185581,343,hypothetical protein BRAFLDRAFT_92086 [Branchiostoma floridae] gi|229291404|gb|EEN62076.1| hypothetical protein BRAFLDRAFT_92086 [Branchiostoma floridae],2.13E-06,nonfibrillar collagen [Chondrosia reniformis],0.001684791,P18503,31.63,8.00E-05,CAS4_EPHMU,Short-chain collagen C4,No_KEGG,No_KEGGKO,GO:0005581,No_GOBP,No_GOMF,collagen (GO:0005581);,Collagen;Extracellular matrix;Hydroxylation;Repeat;Secreted.;,,,,,,,,,,,,,,,
contig192794,Matz_milleporaESTs,isotig14918,1841,PREDICTED: hypothetical protein LOC100164532 [Acyrthosiphon pisum],2.69E-06,GH18463 [Drosophila grimshawi] gi|193894221|gb|EDV93087.1| GH18463 [Drosophila grimshawi],3.88E-05,B7PAD9,29.41,2.00E-05,B7PAD9_IXOSC,Putative uncharacterized protein,isc:IscW_ISCW017001,No_KEGGKO,GO:0003677,No_GOBP,DNA binding (GO:0003677);,No_GOCC,Complete proteome;Reference proteome.;,,,,,,,,,,,,,,,
contig201419,33496_denovo,contig201419,2913,PREDICTED: Bahcc1 protein-like [Saccoglossus kowalevskii],2.94E-77,LOC100125670 protein [Xenopus laevis],1.25E-35,Q9P281,50.32,3.00E-36,BAHC1_HUMAN,BAH and coiled-coil domain-containing protein 1,hsa:57597,No_KEGGKO,GO:0003677,No_GOBP,DNA binding (GO:0003677);,No_GOCC,Acetylation;Coiled coil;Complete proteome;Phosphoprotein;Polymorphism;Reference proteome.;,,,,,,,,,,,,,,,
contig205491,adi_v1_predictedtranscripts,adi_v1.12657,1865,predicted protein [Nematostella vectensis] gi|156212199|gb|EDO33269.1| predicted protein [Nematostella vectensis],2.53E-52,Bernardinelli-Seip congenital lipodystrophy 2 (seipin) [Bos taurus],1.35E-37,Q9Z2E9,45.2,3.00E-39,BSCL2_MOUSE,Seipin,mmu:14705,No_KEGGKO,GO:0030176,No_GOBP,No_GOMF,integral to endoplasmic reticulum membrane (GO:0030176);,Complete proteome;Endoplasmic reticulum;Glycoprotein;Membrane;Reference proteome;Transmembrane;Transmembrane helix.;,,,,,,,,,,,,,,,
contig209795,33496_denovo,contig209795,695,hypothetical protein BRAFLDRAFT_74509 [Branchiostoma floridae] gi|229284089|gb|EEN54826.1| hypothetical protein BRAFLDRAFT_74509 [Branchiostoma floridae],2.23E-22,nonfibrillar collagen [Chondrosia reniformis],2.02E-15,P18503,50,2.00E-11,CAS4_EPHMU,Short-chain collagen C4,No_KEGG,No_KEGGKO,GO:0005581,No_GOBP,No_GOMF,collagen (GO:0005581);,Collagen;Extracellular matrix;Hydroxylation;Repeat;Secreted.;,,,,,,,,,,,,,,,
contig209937,adi_v1_predictedtranscripts,adi_v1.08622,2987,predicted protein [Nematostella vectensis] gi|156226958|gb|EDO47764.1| predicted protein [Nematostella vectensis],2.20E-27,actinin-associated LIM protein [Homo sapiens],1.09E-18,Q53GG5,40.79,5.00E-20,PDLI3_HUMAN,PDZ and LIM domain protein 3,hsa:27295,No_KEGGKO,GO:0008270,No_GOBP,zinc ion binding (GO:0008270);,No_GOCC,Alternative splicing;Complete proteome;Cytoplasm;LIM domain;Metal-binding;Polymorphism;Reference proteome;Zinc.;,,,,,,,,,,,,,,,
contig210198,Matz_milleporaESTs,isotig06730,1227,predicted protein [Nematostella vectensis] gi|156226203|gb|EDO47014.1| predicted protein [Nematostella vectensis],1.04E-34,"Sequestosome-1, putative [Pediculus humanus corporis] gi|212512818|gb|EEB15519.1| Sequestosome-1, putative [Pediculus humanus corporis]",5.40E-07,Q4TA60,30.41,9.00E-08,Q4TA60_TETNG,"Chromosome undetermined SCAF7445, whole genome shotgun sequence.",No_KEGG,No_KEGGKO,GO:0008270,No_GOBP,zinc ion binding (GO:0008270);,No_GOCC,Complete proteome;Reference proteome.;,,,,,,,,,,,,,,,
contig215303,adi_v1_predictedtranscripts,adi_v1.05276,1556,predicted protein [Nematostella vectensis] gi|156227127|gb|EDO47932.1| predicted protein [Nematostella vectensis],1.29E-51,LOC100125670 protein [Xenopus laevis],5.83E-36,Q9P281,50.32,1.00E-36,BAHC1_HUMAN,BAH and coiled-coil domain-containing protein 1,hsa:57597,No_KEGGKO,GO:0003677,No_GOBP,DNA binding (GO:0003677);,No_GOCC,Acetylation;Coiled coil;Complete proteome;Phosphoprotein;Polymorphism;Reference proteome.;,,,,,,,,,,,,,,,
contig216059,adi_v1_predictedtranscripts,adi_v1.07266,2250,predicted protein [Nematostella vectensis] gi|156213041|gb|EDO34075.1| predicted protein [Nematostella vectensis],6.01E-27,Heat shock protein 67B2 [Acromyrmex echinatior],9.59E-25,Q8NFU3,40,1.00E-16,TSTD1_HUMAN,Thiosulfate sulfurtransferase/rhodanese-like domain-containing protein 1,hsa:100131187,No_KEGGKO,GO:0048471,No_GOBP,No_GOMF,perinuclear region of cytoplasm (GO:0048471);,Alternative splicing;Complete proteome;Cytoplasm;Direct protein sequencing;Reference proteome.;,,,,,,,,,,,,,,,
contig216715,33496_denovo,contig216715,332,predicted protein [Nematostella vectensis] gi|156212143|gb|EDO33216.1| predicted protein [Nematostella vectensis],7.35E-36,"histone acetyltransferase complex component Epl1, putative [Neosartorya fischeri NRRL 181] gi|119405810|gb|EAW15761.1| histone acetyltransferase complex component Epl1, putative [Neosartorya fischeri NRRL 181]",0.069426972,C3ZWG8,58.25,6.00E-28,C3ZWG8_BRAFL,Putative uncharacterized protein,bfo:BRAFLDRAFT_130097,No_KEGGKO,GO:0005509,No_GOBP,calcium ion binding (GO:0005509);,No_GOCC,Complete proteome;Reference proteome.;,,,,,,,,,,,,,,,
contig600020,adi_v1_predictedtranscripts,adi_v1.20853,5913,predicted protein [Nematostella vectensis] gi|156212065|gb|EDO33142.1| predicted protein [Nematostella vectensis],1.41E-44,Tax1 (human T-cell leukemia virus type I) binding protein 1b [Danio rerio],5.37E-44,Q6P132,24.17,3.00E-45,TXB1B_DANRE,Tax1-binding protein 1 homolog B,dre:324152,No_KEGGKO,GO:0006915,apoptosis (GO:0006915);,No_GOMF,No_GOCC,Alternative splicing;Apoptosis;Coiled coil;Complete proteome;Reference proteome.;,,,,,,,,,,,,,,,
contig600160,33496_denovo,contig600160,550,short-chain dehydrogenase [Cellulophaga algicola DSM 14237] gi|319422500|gb|ADV49609.1| short-chain dehydrogenase [Cellulophaga algicola DSM 14237],4.13E-18,short-chain dehydrogenase [Cellulophaga algicola DSM 14237] gi|319422500|gb|ADV49609.1| short-chain dehydrogenase [Cellulophaga algicola DSM 14237],4.13E-18,Q5UNS8,31.46,6.00E-07,YR665_MIMIV,Uncharacterized protein R665,No_KEGG,No_KEGGKO,GO:0000166,No_GOBP,nucleotide binding (GO:0000166);,No_GOCC,Complete proteome;Reference proteome.;,,,,,,,,,,,,,,,
contig174312_92668_146834,33496_denovo,contig174312_92668_146834,1583,predicted protein [Nematostella vectensis] gi|156209967|gb|EDO31184.1| predicted protein [Nematostella vectensis],4.00E-40,predicted protein [Nematostella vectensis] gi|156209967|gb|EDO31184.1| predicted protein [Nematostella vectensis],4.00E-40,F2ULT3,37.62,1.00E-05,F2ULT3_SALS5,Putative uncharacterized protein,No_KEGG,No_KEGGKO,GO:0005509,No_GOBP,calcium ion binding (GO:0005509);,No_GOCC,Complete proteome.;,,,,,,,,,,,,,,,
contig185035_132504,33496_denovo,contig185035_132504,792,predicted protein [Capsaspora owczarzaki ATCC 30864],1.31E-14,protein kinase family protein [Arabidopsis thaliana] gi|5002524|emb|CAB44327.1| protein kinase-like protein [Arabidopsis thaliana] gi|7267890|emb|CAB78232.1| protein kinase-like protein [Arabidopsis thaliana] gi|332657665|gb|AEE83065.1| protein kinase family protein [Arabidopsis thaliana],6.974830374,E9C1P1,39.05,1.00E-14,E9C1P1_CAPO3,Predicted protein,No_KEGG,No_KEGGKO,GO:0016491,No_GOBP,oxidoreductase activity (GO:0016491);,No_GOCC,Complete proteome.;,,,,,,,,,,,,,,,
contig65333_175825,33496_denovo,contig65333_175825,3780,PREDICTED: hypothetical protein [Oryctolagus cuniculus],1.98E-20,"hCG1995515, isoform CRA_b [Homo sapiens]",2.86E-19,Q504Y3,40.34,1.00E-20,ZCPW2_HUMAN,Zinc finger CW-type PWWP domain protein 2,hsa:152098,No_KEGGKO,GO:0008270,No_GOBP,zinc ion binding (GO:0008270);,No_GOCC,Complete proteome;Metal-binding;Polymorphism;Reference proteome;Zinc;Zinc-finger.;,,,,,,,,,,,,,,,
contig99552_152157,adi_v1_predictedtranscripts,adi_v1.19152,2729,PREDICTED: similar to Zinc finger CW-type PWWP domain protein 2 [Equus caballus],2.58E-27,mCG22885 [Mus musculus],1.85E-25,Q504Y3,35.52,5.00E-26,ZCPW2_HUMAN,Zinc finger CW-type PWWP domain protein 2,hsa:152098,No_KEGGKO,GO:0008270,No_GOBP,zinc ion binding (GO:0008270);,No_GOCC,Complete proteome;Metal-binding;Polymorphism;Reference proteome;Zinc;Zinc-finger.;,,,,,,,,,,,,,,,
contig148712_16847,33496_denovo,contig148712_16847,1123,predicted protein [Nematostella vectensis] gi|156227402|gb|EDO48206.1| predicted protein [Nematostella vectensis],1.15E-29,RecName: Full=CTD small phosphatase-like protein 2; Short=CTDSP-like 2,1.31E-25,Q66KM5,66.67,6.00E-27,CTSL2_XENTR,CTD small phosphatase-like protein 2,xtr:493278,No_KEGGKO,GO:0004721,No_GOBP,phosphoprotein phosphatase activity (GO:0004721);,No_GOCC,Complete proteome;Hydrolase;Protein phosphatase;Reference proteome.;,,,,,,,,,,,,,,,
contig131941_162113_171857_164666_168104,adi_v1_predictedtranscripts,adi_v1.11785,10951,predicted protein [Nematostella vectensis] gi|156223275|gb|EDO44112.1| predicted protein [Nematostella vectensis],0,rCG52205 [Rattus norvegicus],0,Q9JLC8,28.05,0,SACS_MOUSE,Sacsin,mmu:50720,No_KEGGKO,GO:0005524,No_GOBP,ATP binding (GO:0005524);,No_GOCC,Acetylation;Alternative splicing;Chaperone;Complete proteome;Cytoplasm;Phosphoprotein;Reference proteome.;,,,,,,,,,,,,,,,
contig16499_193586,33496_denovo,contig16499_193586,404,hypothetical protein BRAFLDRAFT_130097 [Branchiostoma floridae] gi|229272223|gb|EEN43097.1| hypothetical protein BRAFLDRAFT_130097 [Branchiostoma floridae],1.44E-31,EF hand family protein [Tetrahymena thermophila] gi|146145107|gb|EAR96884.2| EF hand family protein [Tetrahymena thermophila SB210],8.80E-13,C3ZWG8,55.28,2.00E-31,C3ZWG8_BRAFL,Putative uncharacterized protein,bfo:BRAFLDRAFT_130097,No_KEGGKO,GO:0005509,No_GOBP,calcium ion binding (GO:0005509);,No_GOCC,Complete proteome;Reference proteome.;,,,,,,,,,,,,,,,
contig219999_155051_168057_173721_148758_22258,33496_denovo,contig219999_155051_168057_173721_148758_22258,3237,predicted protein [Nematostella vectensis] gi|156215925|gb|EDO36873.1| predicted protein [Nematostella vectensis],0,"heat shock protein HSP70-12A, putative [Ixodes scapularis] gi|215508259|gb|EEC17713.1| heat shock protein HSP70-12A, putative [Ixodes scapularis]",1.82E-176,Q8K0U4,51.32,1.00E-174,HS12A_MOUSE,Heat shock 70 kDa protein 12A,mmu:73442,No_KEGGKO,GO:0005524,No_GOBP,ATP binding (GO:0005524);,No_GOCC,ATP-binding;Complete proteome;Direct protein sequencing;Nucleotide-binding;Phosphoprotein;Reference proteome.;,,,,,,,,,,,,,,,
contig5666_30986,adi_v1_predictedtranscripts,adi_v1.14174,5362,predicted protein [Nematostella vectensis] gi|156221440|gb|EDO42295.1| predicted protein [Nematostella vectensis],3.89E-09,LPXTG-motif cell wall anchor domain protein [Streptococcus parasanguinis F0405] gi|311096949|gb|EFQ55185.1| LPXTG-motif cell wall anchor domain protein [Streptococcus parasanguinis F0405],2.61E-05,E3CDK1,18.95,3.00E-05,E3CDK1_STRPA,LPXTG-motif cell wall anchor domain protein,No_KEGG,No_KEGGKO,GO:0009986,No_GOBP,No_GOMF,cell surface (GO:0009986);,No_keywords,,,,,,,,,,,,,,,
contig118594_107459_145808,33496_denovo,contig118594_107459_145808,1886,predicted protein [Nematostella vectensis] gi|156228484|gb|EDO49283.1| predicted protein [Nematostella vectensis],3.58E-30,Unknown (protein for IMAGE:8330050) [Xenopus laevis],5.16E-29,Q8BI21,48,7.00E-30,RNF38_MOUSE,RING finger protein 38,mmu:73469,No_KEGGKO,GO:0008270,No_GOBP,zinc ion binding (GO:0008270);,No_GOCC,Alternative splicing;Complete proteome;Metal-binding;Reference proteome;Zinc;Zinc-finger.;,,,,,,,,,,,,,,,
contig147841_218745,33496_denovo,contig147841_218745,1047,predicted protein [Nematostella vectensis] gi|156225898|gb|EDO46712.1| predicted protein [Nematostella vectensis],1.48E-68,calponin/transgelin [Aedes aegypti] gi|157114581|ref|XP_001652324.1| calponin/transgelin [Aedes aegypti] gi|94468918|gb|ABF18308.1| calponin [Aedes aegypti] gi|108877213|gb|EAT41438.1| calponin/transgelin [Aedes aegypti] gi|108877214|gb|EAT41439.1| calponin/transgelin [Aedes aegypti],2.08E-38,Q5XFX0,40.5,6.00E-32,TAGL2_RAT,Transgelin-2,rno:304983,No_KEGGKO,GO:0007517,muscle organ development (GO:0007517);,No_GOMF,No_GOCC,Acetylation;Complete proteome;Phosphoprotein;Reference proteome.;,,,,,,,,,,,,,,,
contig128015_6697,33496_denovo,contig128015_6697,689,Calbindin-32 [Schistosoma japonicum],3.86E-11,Calbindin-32 [Schistosoma japonicum],3.86E-11,Q3ZBY3,52.05,8.00E-12,CALB2_BOVIN,Calretinin,bta:513947,No_KEGGKO,GO:0005509,No_GOBP,calcium ion binding (GO:0005509);,No_GOCC,Calcium;Complete proteome;Reference proteome;Repeat.;,,,,,,,,,,,,,,,
contig26605_152016_131439_153543,adi_v1_predictedtranscripts,adi_v1.15192,9348,predicted protein [Nematostella vectensis] gi|156223275|gb|EDO44112.1| predicted protein [Nematostella vectensis],0,rCG52205 [Rattus norvegicus],0,Q9JLC8,30.49,0,SACS_MOUSE,Sacsin,mmu:50720,No_KEGGKO,GO:0005524,No_GOBP,ATP binding (GO:0005524);,No_GOCC,Acetylation;Alternative splicing;Chaperone;Complete proteome;Cytoplasm;Phosphoprotein;Reference proteome.;,,,,,,,,,,,,,,,
contig176064_74666_149818,33496_denovo,contig176064_74666_149818,1682,"guanine nucleotide binding protein (G protein), beta polypeptide 1, like [Danio rerio] gi|194332578|ref|NP_001123778.1| hypothetical protein LOC100170528 [Xenopus (Silurana) tropicalis] gi|326668873|ref|XP_003198887.1| PREDICTED: guanine nucleotide-binding protein G(I)/G(S)/G(T) subunit beta-1-like [Danio rerio] gi|27881927|gb|AAH44482.1| Guanine nucleotide binding protein (G protein), beta polypeptide 1, like [Danio rerio] gi|156914929|gb|AAI52685.1| Gnb1l protein [Danio rerio] gi|182891236|gb|AAI64143.1| Gnb1l protein [Danio rerio] gi|189441747|gb|AAI67541.1| LOC100170528 protein [Xenopus (Silurana) tropicalis]",2.77E-180,G-protein B1 subunit [Ambystoma tigrinum],6.17E-180,Q6PH57,88.2,1.00E-180,GBB1_DANRE,Guanine nucleotide-binding protein G(I)/G(S)/G(T) subunit beta-1,dre:322104,K04536,GO:0004871,No_GOBP,signal transducer activity (GO:0004871);,No_GOCC,Complete proteome;Reference proteome;Repeat;Transducer;WD repeat.;,,,,,,,,,,,,,,,
contig131413_117231_93925,adi_v1_predictedtranscripts,adi_v1.11667,1946,hypothetical protein BRAFLDRAFT_234854 [Branchiostoma floridae] gi|229279149|gb|EEN49928.1| hypothetical protein BRAFLDRAFT_234854 [Branchiostoma floridae],2.46E-74,"zinc finger, NFX1-type containing 1 [Mus musculus]",6.71E-72,Q8R151,33.67,4.00E-73,ZNFX1_MOUSE,NFX1-type zinc finger-containing protein 1,mmu:98999,No_KEGGKO,GO:0046872,No_GOBP,metal ion binding (GO:0046872);,No_GOCC,Coiled coil;Complete proteome;Metal-binding;Reference proteome;Repeat;Zinc;Zinc-finger.;,,,,,,,,,,,,,,,
